ID_chainID	ID_resSeq	ID_iCode	ID_serial	ID_altLoc	ID_resName	ID_name	residue_type	residue_sas_area	residue_volume
A	1	.	.	.	PHE	.	13	242.887	409.147
A	2	.	.	.	PRO	.	14	106.968	220.148
A	3	.	.	.	THR	.	16	126.789	245.325
A	4	.	.	.	ILE	.	9	132.09	286.602
A	5	.	.	.	PRO	.	14	102.224	226.497
A	6	.	.	.	LEU	.	10	21.8785	198.803
A	7	.	.	.	SER	.	15	45.4707	146.598
A	8	.	.	.	ARG	.	1	194.389	374.204
A	9	.	.	.	LEU	.	10	44.6181	228.653
A	10	.	.	.	PHE	.	13	0.0586289	195.264
A	11	.	.	.	ASP	.	3	85.5583	209.109
A	12	.	.	.	ASN	.	2	40.5888	174.258
A	13	.	.	.	ALA	.	0	0.000383634	101.365
A	14	.	.	.	MET	.	12	24.949	203.146
A	15	.	.	.	LEU	.	10	119.386	278.942
A	16	.	.	.	ARG	.	1	49.8146	245.986
A	17	.	.	.	ALA	.	0	0.41706	98.4751
A	18	.	.	.	HIS	.	8	26.4591	196.421
A	19	.	.	.	ARG	.	1	73.6706	262.876
A	20	.	.	.	LEU	.	10	0.00401167	170.439
A	21	.	.	.	HIS	.	8	2.08168	162.896
A	22	.	.	.	GLN	.	5	49.1787	205.731
A	23	.	.	.	LEU	.	10	3.51641	182.759
A	24	.	.	.	ALA	.	0	0.00661123	91.2776
A	25	.	.	.	PHE	.	13	31.0792	244.022
A	26	.	.	.	ASP	.	3	70.3993	193.415
A	27	.	.	.	THR	.	16	5.77855	147.398
A	28	.	.	.	TYR	.	18	3.95107	211.806
A	29	.	.	.	GLN	.	5	83.8996	241.779
A	30	.	.	.	GLU	.	6	62.726	215.615
A	31	.	.	.	PHE	.	13	14.1462	205.188
A	32	.	.	.	GLU	.	6	24.1135	179.439
A	33	.	.	.	GLU	.	6	151.885	292.193
A	34	.	.	.	ALA	.	0	72.3686	156.561
A	35	.	.	.	TYR	.	18	101.443	296.427
A	36	.	.	.	ILE	.	9	5.59302	178.263
A	37	.	.	.	PRO	.	14	58.304	174.566
A	38	.	.	.	LYS	.	11	104.217	275.707
A	39	.	.	.	GLU	.	6	132.875	267.951
A	40	.	.	.	GLN	.	5	63.3165	212.749
A	41	.	.	.	LYS	.	11	8.8843	199.113
A	42	.	.	.	TYR	.	18	34.2735	243.509
A	43	.	.	.	SER	.	15	67.9043	163.38
A	44	.	.	.	PHE	.	13	3.72582	203.003
A	45	.	.	.	LEU	.	10	0.824243	176.414
A	46	.	.	.	GLN	.	5	73.4235	226.572
A	47	.	.	.	ASN	.	2	65.4679	187.432
A	48	.	.	.	PRO	.	14	6.1892	139.376
A	49	.	.	.	GLN	.	5	147.683	282.416
A	50	.	.	.	THR	.	16	45.776	186.196
A	51	.	.	.	SER	.	15	0.41455	111.831
A	52	.	.	.	LEU	.	10	69.8268	242.336
A	53	.	.	.	CYS	.	4	6.62513	123.412
A	54	.	.	.	PHE	.	13	30.6708	235.525
A	55	.	.	.	SER	.	15	0.47861	108.081
A	56	.	.	.	GLU	.	6	42.7534	206.507
A	57	.	.	.	SER	.	15	72.7201	167.656
A	58	.	.	.	ILE	.	9	2.20105	176.005
A	59	.	.	.	PRO	.	14	60.2056	190.025
A	60	.	.	.	THR	.	16	30.6575	165.664
A	61	.	.	.	PRO	.	14	2.73871	138.294
A	62	.	.	.	SER	.	15	22.6318	130.845
A	63	.	.	.	ASN	.	2	23.2695	162.832
A	64	.	.	.	ARG	.	1	55.0588	251.502
A	65	.	.	.	GLU	.	6	107.618	262.801
A	66	.	.	.	GLU	.	6	65.9082	208.701
A	67	.	.	.	THR	.	16	0	119.885
A	68	.	.	.	GLN	.	5	44.5446	203.829
A	69	.	.	.	GLN	.	5	150.394	294.864
A	70	.	.	.	LYS	.	11	64.5919	250.221
A	71	.	.	.	SER	.	15	58.577	149.507
A	72	.	.	.	ASN	.	2	35.1624	159.764
A	73	.	.	.	LEU	.	10	32.8996	204.976
A	74	.	.	.	GLU	.	6	55.6614	197.96
A	75	.	.	.	LEU	.	10	0.00233318	165.701
A	76	.	.	.	LEU	.	10	0.00265185	157.468
A	77	.	.	.	ARG	.	1	38.4535	224.828
A	78	.	.	.	ILE	.	9	2.34274	169.521
A	79	.	.	.	SER	.	15	0.000190819	101.262
A	80	.	.	.	LEU	.	10	12.1414	183.171
A	81	.	.	.	LEU	.	10	0.609144	167.738
A	82	.	.	.	LEU	.	10	0.148612	177.136
A	83	.	.	.	ILE	.	9	0	163.435
A	84	.	.	.	GLN	.	5	33.115	192.423
A	85	.	.	.	SER	.	15	0.0525903	98.5612
A	86	.	.	.	TRP	.	17	0	232.36
A	87	.	.	.	LEU	.	10	25.4518	191.098
A	88	.	.	.	GLU	.	6	81.6863	249.859
A	89	.	.	.	PRO	.	14	1.87518	133.685
A	90	.	.	.	VAL	.	19	0	144.21
A	91	.	.	.	GLN	.	5	58.8015	218.328
A	92	.	.	.	PHE	.	13	75.6821	286.709
A	93	.	.	.	LEU	.	10	0	166.742
A	94	.	.	.	ARG	.	1	132.899	319.504
A	95	.	.	.	SER	.	15	61.8694	154.478
A	96	.	.	.	VAL	.	19	11.4297	167.899
A	97	.	.	.	PHE	.	13	0.137447	198.999
A	98	.	.	.	ALA	.	0	69.3836	152.25
A	99	.	.	.	ASN	.	2	110.358	240.618
A	100	.	.	.	SER	.	15	12.5332	123.269
A	101	.	.	.	LEU	.	10	157.881	307.267
A	102	.	.	.	VAL	.	19	78.5572	210.006
A	103	.	.	.	TYR	.	18	79.0795	165.87
A	104	.	.	.	GLY	.	7	28.0141	96.4727
A	105	.	.	.	ALA	.	0	1.68399	102.827
A	106	.	.	.	SER	.	15	39.6276	130.871
A	107	.	.	.	ASP	.	3	16.4013	150.537
A	108	.	.	.	SER	.	15	68.8105	164.752
A	109	.	.	.	ASN	.	2	53.3698	184.059
A	110	.	.	.	VAL	.	19	0.00225944	145.225
A	111	.	.	.	TYR	.	18	54.4288	253.999
A	112	.	.	.	ASP	.	3	90.3786	207.843
A	113	.	.	.	LEU	.	10	22.0889	188.327
A	114	.	.	.	LEU	.	10	0	156.264
A	115	.	.	.	LYS	.	11	80.1433	256.185
A	116	.	.	.	ASP	.	3	41.1347	160.188
A	117	.	.	.	LEU	.	10	0	159.859
A	118	.	.	.	GLU	.	6	21.3353	172.932
A	119	.	.	.	GLU	.	6	100.815	243.364
A	120	.	.	.	ARG	.	1	65.3665	272.548
A	121	.	.	.	ILE	.	9	0	167.472
A	122	.	.	.	GLN	.	5	82.6433	231.004
A	123	.	.	.	THR	.	16	62.8063	188.412
A	124	.	.	.	LEU	.	10	0.109189	177.273
A	125	.	.	.	MET	.	12	22.7716	194.447
A	126	.	.	.	GLY	.	7	48.7467	114.896
A	127	.	.	.	ARG	.	1	119.585	318.13
A	128	.	.	.	LEU	.	10	40.1884	204.237
A	129	.	.	.	GLU	.	6	167.169	310.865
A	130	.	.	.	GLY	.	7	81.3621	149.289
A	131	.	.	.	GLN	.	5	115.018	252.02
A	132	.	.	.	ILE	.	9	14.1491	181.851
A	133	.	.	.	PHE	.	13	89.0316	280.661
A	134	.	.	.	LYS	.	11	87.3424	171.866
A	135	.	.	.	GLN	.	5	33.9148	188.319
A	136	.	.	.	THR	.	16	98.3592	223.719
A	137	.	.	.	TYR	.	18	75.2601	290.567
A	138	.	.	.	SER	.	15	8.64514	112.063
A	139	.	.	.	LYS	.	11	128.759	306.59
A	140	.	.	.	PHE	.	13	42.3264	247.014
A	141	.	.	.	ASP	.	3	97.2799	176.618
A	142	.	.	.	THR	.	16	85.9366	185.796
A	143	.	.	.	ASP	.	3	127.442	242.147
A	144	.	.	.	ALA	.	0	76.8424	156.246
A	145	.	.	.	LEU	.	10	54.2649	222.497
A	146	.	.	.	LEU	.	10	57.1117	246.798
A	147	.	.	.	LYS	.	11	84.4773	267.527
A	148	.	.	.	ASN	.	2	24.9898	161.593
A	149	.	.	.	TYR	.	18	0.00472612	203.12
A	150	.	.	.	GLY	.	7	7.33623	78.5654
A	151	.	.	.	LEU	.	10	4.83629	179.595
A	152	.	.	.	LEU	.	10	0.00932045	165.74
A	153	.	.	.	TYR	.	18	3.46773	234.07
A	154	.	.	.	CYS	.	4	7.79482	126.538
A	155	.	.	.	PHE	.	13	0.00291751	203.173
A	156	.	.	.	ARG	.	1	24.431	245.096
A	157	.	.	.	LYS	.	11	5.35837	208.428
A	158	.	.	.	ASP	.	3	0.0151831	127.987
A	159	.	.	.	MET	.	12	0.320194	176.808
A	160	.	.	.	ASP	.	3	8.65296	138.934
A	161	.	.	.	LYS	.	11	9.5038	194.078
A	162	.	.	.	VAL	.	19	0.30862	143.058
A	163	.	.	.	GLU	.	6	21.4756	184.626
A	164	.	.	.	THR	.	16	6.42669	133.655
A	165	.	.	.	PHE	.	13	0.0032807	194.355
A	166	.	.	.	LEU	.	10	0.000712144	171.376
A	167	.	.	.	ARG	.	1	35.207	240.476
A	168	.	.	.	ILE	.	9	0.207053	169.842
A	169	.	.	.	VAL	.	19	0	134.322
A	170	.	.	.	GLN	.	5	6.94642	159.575
A	171	.	.	.	CYS	.	4	21.3824	137.604
A	172	.	.	.	ARG	.	1	102.237	301.228
A	173	.	.	.	SER	.	15	32.1759	132.988
A	174	.	.	.	VAL	.	19	18.0471	169.483
A	175	.	.	.	GLU	.	6	173.047	303.347
A	176	.	.	.	GLY	.	7	32.1952	100.419
A	177	.	.	.	SER	.	15	38.1092	139.687
A	178	.	.	.	CYS	.	4	22.036	143.697
A	179	.	.	.	GLY	.	7	30.7879	104.268
A	180	.	.	.	PHE	.	13	226.654	402.728
B	1	.	.	.	PRO	.	14	61.0779	201.667
B	2	.	.	.	LYS	.	11	132.133	298.564
B	3	.	.	.	PHE	.	13	12.2198	211.603
B	4	.	.	.	THR	.	16	81.4787	196.427
B	5	.	.	.	LYS	.	11	47.0491	144.499
B	6	.	.	.	CYS	.	4	10.837	129.821
B	7	.	.	.	ARG	.	1	67.6047	280.916
B	8	.	.	.	SER	.	15	0	91.6822
B	9	.	.	.	PRO	.	14	18.4199	157.484
B	10	.	.	.	GLU	.	6	15.6026	158.469
B	11	.	.	.	ARG	.	1	3.15303	224.352
B	12	.	.	.	GLU	.	6	36.8889	195.891
B	13	.	.	.	THR	.	16	10.1914	137.301
B	14	.	.	.	PHE	.	13	0.856425	196.814
B	15	.	.	.	SER	.	15	12.3061	115.565
B	16	.	.	.	CYS	.	4	0	115.193
B	17	.	.	.	HIS	.	8	58.2958	221.701
B	18	.	.	.	TRP	.	17	13.2752	253.321
B	19	.	.	.	THR	.	16	108.253	240.717
B	20	.	.	.	LEU	.	10	122.105	288.546
B	21	.	.	.	GLY	.	7	44.6435	107.655
B	22	.	.	.	PRO	.	14	123.392	242.22
B	23	.	.	.	ILE	.	9	32.7494	208.526
B	24	.	.	.	GLN	.	5	59.4116	213.702
B	25	.	.	.	LEU	.	10	0	162.51
B	26	.	.	.	PHE	.	13	50.3888	242.412
B	27	.	.	.	TYR	.	18	14.3252	233.054
B	28	.	.	.	THR	.	16	7.7874	138.471
B	29	.	.	.	ARG	.	1	42.3327	245.253
B	30	.	.	.	ARG	.	1	10.1451	229.571
B	31	.	.	.	ASN	.	2	55.9536	193.197
B	32	.	.	.	THR	.	16	61.7943	130.267
B	33	.	.	.	GLN	.	5	148.622	288.384
B	34	.	.	.	GLU	.	6	88.2784	237.492
B	35	.	.	.	TRP	.	17	34.2731	267.87
B	36	.	.	.	THR	.	16	102.951	226.952
B	37	.	.	.	GLN	.	5	44.6917	217.565
B	38	.	.	.	GLU	.	6	124.626	264.283
B	39	.	.	.	TRP	.	17	94.0742	332.087
B	40	.	.	.	LYS	.	11	81.9031	257.942
B	41	.	.	.	GLU	.	6	69.3807	213.843
B	42	.	.	.	CYS	.	4	11.5017	113.625
B	43	.	.	.	PRO	.	14	54.6518	181.464
B	44	.	.	.	ASP	.	3	38.5753	159.273
B	45	.	.	.	TYR	.	18	84.6776	297.5
B	46	.	.	.	VAL	.	19	126.487	252.071
B	47	.	.	.	SER	.	15	71.019	162.051
B	48	.	.	.	ALA	.	0	27.9532	120.021
B	49	.	.	.	GLY	.	7	29.9907	98.3776
B	50	.	.	.	GLU	.	6	162.203	295.137
B	51	.	.	.	ASN	.	2	59.3844	193.085
B	52	.	.	.	SER	.	15	0.496843	101.374
B	53	.	.	.	CYS	.	4	0	108.199
B	54	.	.	.	TYR	.	18	67.8807	274.63
B	55	.	.	.	PHE	.	13	0	193.476
B	56	.	.	.	ASN	.	2	55.3922	173.667
B	57	.	.	.	SER	.	15	48.7348	160.912
B	58	.	.	.	SER	.	15	89.6001	187.885
B	59	.	.	.	PHE	.	13	63.3537	266.179
B	60	.	.	.	THR	.	16	2.73796	135.829
B	61	.	.	.	SER	.	15	4.19666	112.697
B	62	.	.	.	ILE	.	9	0.968916	167.56
B	63	.	.	.	TRP	.	17	5.86721	257.228
B	64	.	.	.	ILE	.	9	23.553	193.015
B	65	.	.	.	PRO	.	14	0.223143	135.973
B	66	.	.	.	TYR	.	18	0.0469919	213.821
B	67	.	.	.	CYS	.	4	0.584454	110.324
B	68	.	.	.	ILE	.	9	0	154.91
B	69	.	.	.	LYS	.	11	47.8163	227.24
B	70	.	.	.	LEU	.	10	0	155.312
B	71	.	.	.	THR	.	16	29.071	167.217
B	72	.	.	.	SER	.	15	12.3451	117.069
B	73	.	.	.	ASN	.	2	129.605	245.042
B	74	.	.	.	GLY	.	7	72.8267	132.232
B	75	.	.	.	GLY	.	7	34.1213	102.724
B	76	.	.	.	THR	.	16	76.0275	200.877
B	77	.	.	.	VAL	.	19	39.5435	182.118
B	78	.	.	.	ASP	.	3	24.0899	143.06
B	79	.	.	.	GLU	.	6	53.2153	213.565
B	80	.	.	.	LYS	.	11	51.0409	235.917
B	81	.	.	.	CYS	.	4	2.40194	116.582
B	82	.	.	.	PHE	.	13	2.35898	204.187
B	83	.	.	.	SER	.	15	1.50351	109.781
B	84	.	.	.	VAL	.	19	0	139.908
B	85	.	.	.	ASP	.	3	10.7043	150.318
B	86	.	.	.	GLU	.	6	38.0351	201.146
B	87	.	.	.	ILE	.	9	14.1483	183.592
B	88	.	.	.	VAL	.	19	0.0476796	151.855
B	89	.	.	.	GLN	.	5	38.9231	196.507
B	90	.	.	.	PRO	.	14	0.388201	139.157
B	91	.	.	.	ASP	.	3	38.211	167.457
B	92	.	.	.	PRO	.	14	36.7222	162.815
B	93	.	.	.	PRO	.	14	2.8937	127.159
B	94	.	.	.	ILE	.	9	60.1099	218.364
B	95	.	.	.	ALA	.	0	59.0311	148.76
B	96	.	.	.	LEU	.	10	30.0139	198.382
B	97	.	.	.	ASN	.	2	67.0643	193.702
B	98	.	.	.	TRP	.	17	54.9545	287.689
B	99	.	.	.	THR	.	16	50.58	168.503
B	100	.	.	.	LEU	.	10	70.7738	241.942
B	101	.	.	.	LEU	.	10	89.4089	253.674
B	102	.	.	.	ASN	.	2	146.922	277.965
B	103	.	.	.	GLY	.	7	84.3981	164.138
B	104	.	.	.	ILE	.	9	125.336	278.818
B	105	.	.	.	HIS	.	8	84.5891	244.522
B	106	.	.	.	ALA	.	0	5.65745	103.524
B	107	.	.	.	ASP	.	3	36.9143	157.69
B	108	.	.	.	ILE	.	9	0.102256	160.642
B	109	.	.	.	GLN	.	5	46.3404	200.968
B	110	.	.	.	VAL	.	19	0	139.689
B	111	.	.	.	ARG	.	1	85.9607	278.078
B	112	.	.	.	TRP	.	17	9.30843	228.448
B	113	.	.	.	GLU	.	6	70.1199	206.42
B	114	.	.	.	ALA	.	0	27.1263	127.278
B	115	.	.	.	PRO	.	14	4.77309	142.871
B	116	.	.	.	ARG	.	1	194.854	380.536
B	117	.	.	.	ASN	.	2	59.1678	198.951
B	118	.	.	.	ALA	.	0	3.20214	102.807
B	119	.	.	.	ASP	.	3	4.91912	127.658
B	120	.	.	.	ILE	.	9	31.1787	207.099
B	121	.	.	.	GLN	.	5	97.1595	244.04
B	122	.	.	.	LYS	.	11	93.8762	263.293
B	123	.	.	.	GLY	.	7	2.08627	73.5694
B	124	.	.	.	TRP	.	17	0.620263	245.263
B	125	.	.	.	MET	.	12	0.215158	174.401
B	126	.	.	.	VAL	.	19	32.6319	185.382
B	127	.	.	.	LEU	.	10	6.48757	180.924
B	128	.	.	.	GLU	.	6	15.089	169.457
B	129	.	.	.	TYR	.	18	7.3454	211.315
B	130	.	.	.	GLU	.	6	13.8083	165.121
B	131	.	.	.	LEU	.	10	1.23232	172.676
B	132	.	.	.	GLN	.	5	11.0222	156.893
B	133	.	.	.	TYR	.	18	32.8225	235.741
B	134	.	.	.	LYS	.	11	16.0681	184.516
B	135	.	.	.	GLU	.	6	19.4832	164.468
B	136	.	.	.	VAL	.	19	45.7371	188.09
B	137	.	.	.	ASN	.	2	121.743	235.154
B	138	.	.	.	GLU	.	6	49.3746	195.966
B	139	.	.	.	THR	.	16	137.101	248.911
B	140	.	.	.	LYS	.	11	98.0134	255.327
B	141	.	.	.	TRP	.	17	43.2283	277.791
B	142	.	.	.	LYS	.	11	73.089	253.536
B	143	.	.	.	MET	.	12	127.236	289.144
B	144	.	.	.	MET	.	12	49.4049	240.833
B	145	.	.	.	ASP	.	3	125.241	241.884
B	146	.	.	.	PRO	.	14	76.4182	207.695
B	147	.	.	.	ILE	.	9	31.9585	203.677
B	148	.	.	.	LEU	.	10	119.501	283.394
B	149	.	.	.	THR	.	16	75.3344	194.031
B	150	.	.	.	THR	.	16	41.4231	172.855
B	151	.	.	.	SER	.	15	41.4771	143.623
B	152	.	.	.	VAL	.	19	11.6673	156.028
B	153	.	.	.	PRO	.	14	39.2802	174.843
B	154	.	.	.	VAL	.	19	4.43365	160.451
B	155	.	.	.	TYR	.	18	135.976	335.559
B	156	.	.	.	SER	.	15	68.7724	171.429
B	157	.	.	.	LEU	.	10	3.88815	176.579
B	158	.	.	.	LYS	.	11	94.0632	268.894
B	159	.	.	.	VAL	.	19	10.352	168.579
B	160	.	.	.	ASP	.	3	91.1522	219.386
B	161	.	.	.	LYS	.	11	66.535	259.033
B	162	.	.	.	GLU	.	6	62.7095	212.099
B	163	.	.	.	TYR	.	18	6.15397	219.144
B	164	.	.	.	GLU	.	6	18.0647	162.355
B	165	.	.	.	VAL	.	19	1.40836	148.176
B	166	.	.	.	ARG	.	1	54.2345	242.22
B	167	.	.	.	VAL	.	19	0	131.164
B	168	.	.	.	ARG	.	1	56.1629	240.081
B	169	.	.	.	SER	.	15	0.0118338	105.889
B	170	.	.	.	LYS	.	11	41.9859	216.561
B	171	.	.	.	GLN	.	5	10.3796	170.954
B	172	.	.	.	ARG	.	1	57.2407	268.203
B	173	.	.	.	ASN	.	2	21.0447	161.377
B	174	.	.	.	SER	.	15	8.73369	132.739
B	175	.	.	.	GLY	.	7	22.6143	107.309
B	176	.	.	.	ASN	.	2	79.5304	212.97
B	177	.	.	.	TYR	.	18	54.8503	259.806
B	178	.	.	.	GLY	.	7	6.49376	85.3306
B	179	.	.	.	GLU	.	6	118.952	265.111
B	180	.	.	.	PHE	.	13	58.1268	246.965
B	181	.	.	.	SER	.	15	8.74592	110.252
B	182	.	.	.	GLU	.	6	149.252	284.581
B	183	.	.	.	VAL	.	19	46.3624	204.404
B	184	.	.	.	LEU	.	10	23.9907	190.848
B	185	.	.	.	TYR	.	18	126.024	324.041
B	186	.	.	.	VAL	.	19	0.016978	145.918
B	187	.	.	.	THR	.	16	92.961	222.743
B	188	.	.	.	LEU	.	10	10.5933	185.396
B	189	.	.	.	PRO	.	14	84.7639	213.231
B	190	.	.	.	GLN	.	5	112.458	270.592
B	191	.	.	.	MET	.	12	170.119	327.462
B	192	.	.	.	SER	.	15	155.672	248.355
